Workbook

Sheet Summary
B2: Basic Sales Summary
B3: Data source: 'Sales Data' sheet (sample retail dataset). All figures are live formulas.
B5: KEY PERFORMANCE INDICATORS
B6: KPI 1 — Total Sales | C6: =SUM('Sales Data'!$I$2:$I$201) -> 93328
B7: KPI 2 — Average Sales per Transaction | C7: =AVERAGE('Sales Data'!$I$2:$I$201) -> 466.64
B8: KPI 3 — Transaction Count | C8: =COUNTA('Sales Data'!$A$2:$A$201) -> 200
B10: MANUAL VERIFICATION
B11: Total ÷ Count (should equal KPI 2) | C11: =C6/C8 -> 466.64
B12: Difference vs KPI 2 | C12: =ROUND(C11-C7,6) -> 0
B13: Check | C13: =IF(C12=0,"OK","MISMATCH") -> OK
B16: SALES BY REGION
B17: Region | C17: Total Sales | D17: Avg Sales | E17: Transactions
B18: North | C18: =SUMIFS('Sales Data'!$I$2:$I$201,'Sales Data'!$D$2:$D$201,B18) -> 30653 | D18: =IFERROR(AVERAGEIFS('Sales Data'!$I$2:$I$201,'Sales Data'!$D$2:$D$201,B18),0) -> 478.95312 | E18: =COUNTIFS('Sales Data'!$D$2:$D$201,B18) -> 64
B19: South | C19: =SUMIFS('Sales Data'!$I$2:$I$201,'Sales Data'!$D$2:$D$201,B19) -> 17392 | D19: =IFERROR(AVERAGEIFS('Sales Data'!$I$2:$I$201,'Sales Data'!$D$2:$D$201,B19),0) -> 370.04255 | E19: =COUNTIFS('Sales Data'!$D$2:$D$201,B19) -> 47
B20: East | C20: =SUMIFS('Sales Data'!$I$2:$I$201,'Sales Data'!$D$2:$D$201,B20) -> 26545 | D20: =IFERROR(AVERAGEIFS('Sales Data'!$I$2:$I$201,'Sales Data'!$D$2:$D$201,B20),0) -> 520.4902 | E20: =COUNTIFS('Sales Data'!$D$2:$D$201,B20) -> 51
B21: West | C21: =SUMIFS('Sales Data'!$I$2:$I$201,'Sales Data'!$D$2:$D$201,B21) -> 18738 | D21: =IFERROR(AVERAGEIFS('Sales Data'!$I$2:$I$201,'Sales Data'!$D$2:$D$201,B21),0) -> 493.10526 | E21: =COUNTIFS('Sales Data'!$D$2:$D$201,B21) -> 38
B22: Total | C22: =SUM(C18:C21) -> 93328 | D22: =C22/E22 -> 466.64 | E22: =SUM(E18:E21) -> 200
B25: SALES BY CATEGORY
B26: Category | C26: Total Sales | D26: Avg Sales | E26: Transactions
B27: Technology | C27: =SUMIFS('Sales Data'!$I$2:$I$201,'Sales Data'!$E$2:$E$201,B27) -> 35425 | D27: =IFERROR(AVERAGEIFS('Sales Data'!$I$2:$I$201,'Sales Data'!$E$2:$E$201,B27),0) -> 498.94366 | E27: =COUNTIFS('Sales Data'!$E$2:$E$201,B27) -> 71
B28: Furniture | C28: =SUMIFS('Sales Data'!$I$2:$I$201,'Sales Data'!$E$2:$E$201,B28) -> 54745 | D28: =IFERROR(AVERAGEIFS('Sales Data'!$I$2:$I$201,'Sales Data'!$E$2:$E$201,B28),0) -> 882.98387 | E28: =COUNTIFS('Sales Data'!$E$2:$E$201,B28) -> 62
B29: Office Supplies | C29: =SUMIFS('Sales Data'!$I$2:$I$201,'Sales Data'!$E$2:$E$201,B29) -> 3158 | D29: =IFERROR(AVERAGEIFS('Sales Data'!$I$2:$I$201,'Sales Data'!$E$2:$E$201,B29),0) -> 47.134328 | E29: =COUNTIFS('Sales Data'!$E$2:$E$201,B29) -> 67
B32: Note: To use your own data (e.g., Superstore / Retail Sales), paste it into 'Sales Data' keeping Sales in column I and extend the ranges if you have more than 200 rows.

Sheet Sales Data
A1: Order ID | B1: Order Date | C1: Customer | D1: Region | E1: Category | F1: Product | G1: Quantity | H1: Unit Price | I1: Sales
A2: ORD-1001 | B2: 46149 | C2: Customer 09 | D2: East | E2: Technology | F2: Monitor | G2: 9 | H2: 220 | I2: =G2*H2 -> 1980
A3: ORD-1002 | B3: 46178 | C3: Customer 15 | D3: West | E3: Furniture | F3: Office Chair | G3: 8 | H3: 150 | I3: =G3*H3 -> 1200
A4: ORD-1003 | B4: 46137 | C4: Customer 28 | D4: East | E4: Furniture | F4: Office Chair | G4: 5 | H4: 150 | I4: =G4*H4 -> 750
A5: ORD-1004 | B5: 46287 | C5: Customer 05 | D5: South | E5: Furniture | F5: Bookcase | G5: 6 | H5: 120 | I5: =G5*H5 -> 720
A6: ORD-1005 | B6: 46028 | C6: Customer 21 | D6: North | E6: Office Supplies | F6: Stapler | G6: 3 | H6: 15 | I6: =G6*H6 -> 45
A7: ORD-1006 | B7: 46037 | C7: Customer 03 | D7: East | E7: Technology | F7: Monitor | G7: 6 | H7: 220 | I7: =G7*H7 -> 1320
A8: ORD-1007 | B8: 46247 | C8: Customer 29 | D8: North | E8: Technology | F8: USB Hub | G8: 7 | H8: 30 | I8: =G8*H8 -> 210
A9: ORD-1008 | B9: 46209 | C9: Customer 06 | D9: North | E9: Office Supplies | F9: Notebook Pack | G9: 10 | H9: 12 | I9: =G9*H9 -> 120
A10: ORD-1009 | B10: 46122 | C10: Customer 09 | D10: West | E10: Office Supplies | F10: Paper Ream | G10: 9 | H10: 7 | I10: =G10*H10 -> 63
A11: ORD-1010 | B11: 46167 | C11: Customer 17 | D11: East | E11: Office Supplies | F11: Pen Set | G11: 8 | H11: 9 | I11: =G11*H11 -> 72
A12: ORD-1011 | B12: 46165 | C12: Customer 09 | D12: North | E12: Technology | F12: Wireless Mouse | G12: 2 | H12: 25 | I12: =G12*H12 -> 50
A13: ORD-1012 | B13: 46081 | C13: Customer 22 | D13: North | E13: Technology | F13: Keyboard | G13: 7 | H13: 45 | I13: =G13*H13 -> 315
... A201: ORD-1200 | B201: 46292 | C201: Customer 26 | D201: South | E201: Office Supplies | F201: Stapler | G201: 7 | H201: 15 | I201: =G201*H201 -> 105
